CLIENT_ID,NAME,GENDER,AGE
1,Regina Runolfsson IV,Female,19
2,Constance Howell,Male,32
3,Donna Farrell,Female,29
4,Rex Huels I,Female,32
5,Michele Glover,Male,41
6,Marjorie Crona,Female,34
7,Aubrey Hane Jr.,Female,38
8,Wendell Ryan,Male,23
9,Ms. Blanche Feil,Female,61
10,Marion Fritsch,Male,44
11,Willie Rogahn,Male,40
12,Douglas Greenfelder,Female,79
13,Kenny Pouros,Female,23
14,Bonnie Wuckert,Female,37
15,Taylor Bergnaum,Female,70
16,Jeremy Bogan II,Female,32
17,Dr. Ivan Weber,Male,53
18,Earnest Bergnaum,Female,63
19,Zachary O'Kon,Female,63
20,Kristin Deckow V,Male,54
21,Mrs. Scott Cole,Male,69
22,Pedro Cronin,Male,61
23,Silvia Altenwerth,Male,62
24,Mary Franecki,Female,31
25,Nancy Oberbrunner,Male,33
26,Joy Auer,Female,72
27,Henry Bogan,Female,37
28,Mrs. April Lindgren,Male,76
29,Annette Farrell,Female,25
30,Ms. Lonnie Ritchie,Female,40
31,Mr. Georgia Barrows,Male,51
32,Meredith Marvin,Female,71
33,Mr. Jan Turner,Female,57
34,Meredith McCullough,Female,37
35,Viola Marquardt,Female,48
36,Mr. Benjamin Rohan,Male,73
37,Kyle Altenwerth,Male,19
38,Emanuel Adams,Male,40
39,Max Stanton,Female,46
40,Duane Fahey,Male,45
41,Mrs. Eddie Bogan,Male,58
42,Carolyn Cartwright,Male,80
43,Bradley Swaniawski,Male,32
44,Mr. Marion Terry,Male,79
45,Evan Hoeger,Male,37
46,Taylor Robel,Male,30
47,Gladys Berge,Female,34
48,Hope Wilderman,Female,28
49,Jessie Schmidt,Female,78
50,Amanda Sporer,Male,37
51,Norma Dicki,Male,49
52,Carolyn Gaylord,Female,51
53,Ana Kuhic MD,Male,23
54,Grady Abbott,Female,50
55,Eleanor Simonis DDS,Male,60
56,Cornelius Rohan,Male,68
57,Jim Upton,Female,34
58,Cathy Mraz I,Male,61
59,Sonya Weimann,Male,44
60,Tanya Doyle DDS,Female,56
61,Rebecca Stracke,Male,79
62,Douglas Wisozk,Male,55
63,Brian Boyle,Male,44
64,Ms. Edna Schneider,Male,79
65,Amanda Bauch,Female,28
66,Kellie Johnson,Female,40
67,Debbie Kshlerin,Female,72
68,Ella Grimes,Female,36
69,Shawn Wuckert,Female,45
70,Vivian Rogahn,Female,37
71,Hannah Schuster,Male,65
72,Holly Vandervort,Male,48
73,Miguel Moore,Male,25
74,Myra Lesch,Male,61
75,Elijah Schowalter,Male,54
76,Lonnie Nitzsche,Female,67
77,Monique Ortiz,Male,19
78,Hannah Labadie,Male,37
79,Neal Strosin,Male,65
80,Delia Stokes,Male,30
81,Madeline Feest,Female,32
82,Essie Batz,Male,63
83,Freddie Ritchie,Female,30
84,Clay Denesik,Male,24
85,Cornelius Mayer,Male,73
86,Rachel Klocko,Male,29
87,Grady Lesch,Female,65
88,Theodore Oberbrunner DDS,Male,55
89,Gary Orn,Female,22
90,Maria Morar,Female,64
91,Franklin Roberts IV,Male,22
92,Neil Shanahan,Male,70
93,Tom West,Male,32
94,Edward Blick,Male,42
95,Danielle Kuhn,Male,46
96,Dianna Zieme,Female,61
97,Mr. Rita King,Female,47
98,Marcos Kunze,Female,63
99,Fannie Bednar,Male,27
100,Sophie Nicolas,Female,32
101,Tabitha Feil,Female,21
102,Angelica Stehr,Female,45
103,Mrs. Daniel Tremblay,Male,54
104,Jill Champlin,Female,26
105,Vernon Johnson,Female,41
106,Emmett Orn,Female,53
107,Olive Hermiston,Female,36
108,Ms. Winifred Hilll,Male,72
109,Gladys Wisoky,Female,45
110,Lynn Torp,Male,21
111,Wilson Emmerich,Male,60
112,Gordon Gislason,Female,27
113,Mary Adams,Female,72
114,Reginald Boyle,Male,43
115,Annie Cartwright,Female,27
116,Leticia Hettinger,Female,64
117,Rosa Kessler,Male,73
118,Randolph Jaskolski,Female,33
119,Dana Schulist,Male,29
120,Ms. Laurence Mraz,Female,29
121,Carmen Hane,Male,56
122,Dr. Albert Sawayn,Male,19
123,Drew Bayer,Female,67
124,Doyle Nienow,Female,53
125,Angie Rohan,Female,31
126,Dr. Ruth Mraz,Male,63
127,Tom Fahey,Male,38
128,Jean Stiedemann,Male,49
129,Latoya Barrows,Male,18
130,Beverly McCullough,Male,21
131,Lawrence Rau V,Male,40
132,Cesar Braun,Male,72
133,Tyrone Gottlieb,Female,35
134,Dr. Sandra Terry,Male,77
135,Daisy Koch,Male,76
136,Kirk Hodkiewicz,Male,66
137,Laverne MacGyver,Male,47
138,Alejandro Dietrich,Female,35
139,Maurice Bailey,Male,39
140,Herbert Leuschke,Female,39
141,Gabriel Effertz,Female,78
142,Lila Yundt,Male,77
143,Chris Friesen,Male,63
144,Renee Price,Female,58
145,Alice Becker,Male,73
146,Jane Crist,Male,34
147,Jon Hyatt,Male,42
148,Rose Gaylord,Female,46
149,Joey Hilll,Male,73
150,Kay Ferry,Male,39
151,Henrietta Huel,Female,63
152,Sheila Beatty PhD,Female,54
153,Alan Keeling,Male,51
154,Ms. Nora Sipes,Female,76
155,Melinda Wiegand,Male,41
156,Janice Toy,Male,23
157,Stewart Little,Male,57
158,Jackie Runolfsdottir,Female,53
159,Kathleen Ankunding,Female,62
160,Dale Ortiz,Female,78
161,Nina Blanda,Male,19
162,Roxanne Schuster,Male,18
163,Noah Champlin,Male,73
164,Rosemary Rowe,Male,35
165,Nina Sanford,Male,61
166,Rochelle Koepp,Male,59
167,Jon Kshlerin,Female,53
168,Wm Wuckert,Male,40
169,Elias Marvin,Male,80
170,Ms. Joey Beahan,Male,40
171,Joe Raynor,Female,47
172,Doreen Botsford,Female,23
173,Marion Williamson Jr.,Male,27
174,Vanessa Ferry Jr.,Male,37
175,Cecilia Gulgowski,Female,77
176,Helen Boyer,Female,80
177,Randall Hane,Female,33
178,Margie Rosenbaum,Female,20
179,Micheal Pollich,Female,63
180,Antonio Hagenes,Female,66
181,Julius Huels,Female,44
182,Geneva Reilly,Female,60
183,Wilfred Sipes,Male,61
184,Mr. Phillip Towne,Male,21
185,Bill Gislason,Female,73
186,Rita Wisoky,Female,80
187,Michael Simonis,Female,31
188,Toni Haley,Female,33
189,Lora Walsh,Female,34
190,Malcolm Kessler,Female,58
191,Tyrone DuBuque,Male,79
192,Orville Barton II,Male,73
193,Sammy Predovic,Male,48
194,Bennie Ernser,Male,56
195,Frankie Hoppe,Female,42
196,Abel Gaylord,Male,78
197,Darla Koelpin,Female,26
198,Jeannie Willms,Male,47
199,Jasmine Lynch,Female,63
200,Sheila Bernier,Male,49
201,Ronald Koch,Female,35
202,Dale Schaefer Jr.,Female,73
203,Cathy Reinger,Female,29
204,Miss Eric Batz,Female,44
205,Mae Lueilwitz,Female,60
206,Bernard McClure,Male,21
207,Gerard Baumbach,Female,44
208,Jessie Sauer,Male,50
209,Guadalupe Grant,Male,24
210,Sonya Strosin,Female,20
211,Gayle Carroll,Female,53
212,Rodney Hoppe,Female,73
213,Helen Bahringer,Female,39
214,Denise Vandervort,Female,47
215,Lucia Muller,Male,23
216,Judy Brown,Female,26
217,Jackie Bode,Male,71
218,Homer Nader PhD,Male,76
219,Sally Lynch,Male,68
220,Troy Bergstrom,Male,56
221,Enrique Stamm,Male,69
222,Nicole Reinger DVM,Female,41
223,Conrad Sawayn,Male,65
224,Elena Mante II,Male,24
225,Mrs. Kevin Haley,Male,47
226,Tim Grant,Male,71
227,Mrs. Ted Simonis,Female,47
228,Kayla Kilback,Male,19
229,Nettie Berge,Female,38
230,Kurt Hauck,Male,22
231,Jennifer Herman,Male,59
232,Ida Nolan,Female,44
233,Travis Kreiger,Male,80
234,Miss Connie Friesen,Male,32
235,Stuart Hoeger,Female,20
236,Austin Witting,Male,59
237,Gary Little,Male,57
238,Bryan Hansen,Female,55
239,Lamar Kling Sr.,Female,71
240,Elvira Mills,Female,67
241,Francis DuBuque,Male,47
242,Sherry Howell,Female,37
243,Carla Denesik,Male,68
244,Miss Francisco Hoppe,Male,77
245,Louise McLaughlin,Male,45
246,Van Turcotte,Male,62
247,Kelly Kertzmann Jr.,Female,60
248,Virginia Doyle,Male,71
249,Janie Gutmann,Female,65
250,Francisco Hessel,Female,64
251,Jessie Willms,Male,60
252,Joey Hegmann,Female,58
253,Saul Jakubowski DVM,Female,79
254,Rosa Wilderman,Female,39
255,Fred Kihn,Male,71
256,Janis Mohr,Female,56
257,Mr. Dan Kessler,Female,61
258,Lila Rosenbaum,Female,37
259,Lora Borer,Female,35
260,Teri Klocko,Male,44
261,Vivian Kshlerin Jr.,Male,77
262,Sylvia Harris,Male,33
263,Leona Brekke,Female,39
264,Irma Grant,Female,31
265,Domingo Daniel,Male,65
266,Jeannette Spinka,Female,74
267,Marjorie Christiansen,Female,32
268,Miss Margaret Wintheiser,Female,75
269,Noah Vandervort,Male,37
270,Iris Hintz,Female,66
271,Myron Jaskolski,Male,31
272,Otis Nolan,Male,26
273,Valerie Kreiger,Female,78
274,Cathy Fahey,Female,42
275,Reginald West,Female,30
276,Marian Tromp,Male,76
277,Vivian Ernser,Male,50
278,Lynne Quitzon,Female,68
279,Garrett Klein,Female,42
280,Marlene Gottlieb,Male,60
281,Stephen Gottlieb,Female,19
282,Leticia Schmeler,Female,48
283,Mack McCullough,Male,51
284,Alex Krajcik,Male,38
285,Rickey Flatley,Female,61
286,Theresa Ziemann,Male,64
287,Marcos Jones,Female,55
288,Barry Sawayn,Male,47
289,Warren Nader,Female,60
290,Terrance Hegmann,Male,50
291,Irene Runolfsson,Female,22
292,Miss Boyd Waelchi,Male,27
293,Nancy Baumbach,Female,59
294,Minnie Effertz,Female,51
295,Dominick Brown,Female,75
296,Albert Halvorson,Female,63
297,Adrienne Borer,Male,19
298,Lyle Feil,Male,18
299,Bernard Krajcik,Male,36
300,Alan Boyer,Female,19
301,Marcus Lebsack,Male,46
302,Mrs. Gabriel Reynolds,Female,25
303,Shirley VonRueden,Male,70
304,Lori Von,Female,36
305,Byron Adams,Female,72
306,Mary Schinner,Male,35
307,Myrtle McDermott,Female,41
308,Kay Reynolds PhD,Male,51
309,Ben Wiza,Male,66
310,Mark Braun,Female,68
311,Dr. Vivian Koss,Female,70
312,Ms. Brian Boyle,Male,73
313,Muriel Douglas,Male,73
314,Cathy Wunsch,Female,79
315,Rodney Klein,Male,32
316,Tara Schoen DDS,Female,65
317,Lola Kiehn,Male,66
318,Dana Carroll,Female,79
319,Dorothy Goodwin Sr.,Male,58
320,Clifton Schowalter,Male,57
321,Dr. Lindsay Lesch,Male,61
322,Clinton Wehner,Female,38
323,Angelica Ebert,Male,47
324,Lindsay Stoltenberg,Male,64
325,Seth Yundt,Male,54
326,Mrs. Fredrick Lehner,Male,80
327,Sara Lueilwitz,Male,62
328,Leland Gibson,Male,35
329,Dennis Durgan,Female,56
330,Lydia Bosco,Female,52
331,Tasha Douglas,Female,75
332,Minnie Pollich Jr.,Female,77
333,Vicki Powlowski,Male,57
334,Susan Bradtke,Male,63
335,Lois Cassin,Male,18
336,Phil Halvorson,Male,36
337,Terrence Hahn,Male,58
338,Joyce Parisian,Male,19
339,Raymond Rodriguez,Male,73
340,Dana Hahn,Male,79
341,Nelson Stracke,Male,45
342,Alberto Schumm,Female,69
343,Norman Botsford,Male,51
344,Dr. Steven Nolan,Male,51
345,Ruby Bernier,Female,42
346,Dixie Boyle,Male,19
347,Sophie Quigley,Male,66
348,Inez Tillman,Female,49
349,Duane Osinski,Female,23
350,Lydia McDermott,Female,57
351,Jeannie Considine,Male,41
352,Maggie Spencer,Female,53
353,Kayla O'Conner,Female,39
354,Preston Jerde,Female,47
355,Felix Torphy,Male,41
356,Trevor Hessel,Female,21
357,Olivia Cartwright,Female,74
358,Jeremiah Kemmer,Male,80
359,Mathew Baumbach,Male,74
360,Mrs. Dixie Thompson,Male,53
361,Jay Homenick,Male,43
362,Valerie Rau,Male,38
363,Homer Heidenreich,Male,18
364,Dr. Fannie Borer,Male,19
365,Lee Mraz,Female,24
366,Ian Kunde,Male,27
367,Lela Bogisich,Female,73
368,Mindy Mayer,Male,73
369,Mathew Nienow,Female,72
370,Chester Gleichner,Male,41
371,Shane Von,Female,80
372,Merle Shields,Female,33
373,Sadie Monahan,Female,71
374,Sharon Heathcote,Female,29
375,Hubert Rempel,Female,36
376,Ms. Ramon Barton,Male,42
377,Olive Krajcik,Male,74
378,Mrs. Lynne Simonis,Female,47
379,Maria Stoltenberg Jr.,Male,47
380,Mrs. Abel Kerluke,Female,54
381,Melody Roob,Female,70
382,Joann Runolfsdottir,Female,75
383,Stephanie Kozey,Female,48
384,Louis Jenkins,Female,58
385,Ross Powlowski,Male,72
386,Rhonda Kunze,Female,72
387,Alice Rodriguez,Female,22
388,Ms. Lucille DuBuque,Female,43
389,Charlotte Schultz,Female,48
390,Chris Medhurst,Male,67
391,Loren Ondricka,Male,22
392,Alexandra Satterfield,Male,79
393,Mr. Mildred Sawayn,Male,77
394,Miriam Bartell,Female,67
395,Elsie White II,Female,68
396,Mr. Dana Parker,Male,79
397,Ed Haag,Male,19
398,Sandy Lang,Male,39
399,Cesar Tremblay,Female,20
400,Arlene Smitham,Female,19
401,Miss Justin Brown,Male,50
402,Caleb Haag,Female,28
403,Maryann Keebler,Male,21
404,Darren Nikolaus,Female,35
405,Antoinette Hettinger,Female,77
406,Willis Pollich,Male,77
407,Dwayne Bins DVM,Male,23
408,Lucia Johnson,Male,77
409,Melody Grant,Male,28
410,Tamara Stroman,Female,47
411,Jimmy Carter DDS,Female,65
412,Charlene Kerluke,Male,57
413,Rudolph Stokes,Male,26
414,Daryl Keeling,Female,55
415,Clifton Nienow,Female,62
416,Carol Mills,Female,39
417,Sonia Hahn,Male,54
418,Omar Kuhn,Female,65
419,Vickie Roob,Female,33
420,Viola Harber,Female,50
421,Jenny Dietrich,Male,31
422,Rudy Heller Sr.,Male,76
423,Dustin Cummerata,Male,69
424,Tim Stracke,Female,19
425,Mrs. Leroy Bins,Female,68
426,Cecelia Reilly,Female,31
427,Betty Botsford,Male,37
428,Mr. Danielle Emmerich,Female,46
429,Wesley Price,Male,26
430,Floyd Balistreri II,Female,57
431,Francis Murray,Male,23
432,Jenny Brekke,Male,34
433,Louise Daniel,Male,21
434,Alfredo Kihn,Male,18
435,Dr. Omar Crooks,Male,55
436,Randolph Kertzmann,Male,18
437,Winston Heidenreich,Female,64
438,Gene Weber,Male,78
439,Christie Nolan,Male,36
440,Kenneth White,Female,58
441,Miss Candice Welch,Male,20
442,Leona Bode,Female,50
443,Tracey Green MD,Male,46
444,Beatrice Collier,Female,37
445,Alicia Towne,Female,59
446,Christie Heidenreich,Male,38
447,Kimberly Rodriguez,Male,32
448,Dr. Cathy Boyle,Male,76
449,Stephen Marvin V,Male,27
450,Anna Medhurst,Male,47
451,Angel Huel,Male,28
452,Clyde Buckridge,Male,52
453,Edmund Pfannerstill,Male,27
454,Dr. Ramon McLaughlin,Female,68
455,Brendan Jerde,Female,61
456,Misty Weimann Jr.,Male,40
457,Amber Lakin,Female,24
458,Becky Monahan,Female,32
459,Bobby Cummings,Male,31
460,Rhonda O'Keefe Sr.,Female,67
461,Mr. Elizabeth Zboncak,Male,79
462,Connie Bartell,Male,27
463,Irvin Gusikowski,Male,53
464,Edna Lindgren,Female,73
465,Marvin Kunde,Female,33
466,Margarita Larkin,Male,69
467,Crystal Nicolas,Female,24
468,Felipe Padberg,Male,35
469,Marianne Murazik,Male,69
470,Jessica Olson,Female,25
471,Melanie Stroman,Male,39
472,Joey Mertz,Male,28
473,Dr. Don Lowe,Female,64
474,Deanna Block IV,Female,71
475,Natasha Flatley III,Male,36
476,Stella Schultz,Male,67
477,Albert Toy,Male,69
478,Penny Luettgen,Female,72
479,Jerry Stark,Male,23
480,April Bogan,Female,20
481,Dr. Andy Kovacek,Male,24
482,Luis Hermann,Male,27
483,Brendan Hilll,Male,35
484,Joshua McCullough PhD,Male,31
485,Alfred Gleason,Female,78
486,Lucia Kassulke II,Male,70
487,Bennie Keebler,Male,78
488,Erica Green,Female,34
489,Mildred O'Connell,Male,51
490,Terri Lubowitz,Female,28
491,Johnathan Bashirian II,Female,45
492,Jennie Emmerich,Female,41
493,Anne Weissnat,Male,68
494,Alison Carter,Female,46
495,Al Little III,Female,60
496,Viola Brekke,Male,60
497,Angelo Kunde,Male,42
498,Gilbert Marquardt,Male,68
499,Jana Doyle,Female,24
500,Joel Nader,Female,51
501,Shelia Lehner,Female,65
502,Orville Effertz,Male,40
503,Benjamin Reynolds,Male,40
504,Margaret Roberts,Female,39
505,Miss Della Vandervort,Male,53
506,Geneva Will,Female,77
507,Chris Schmeler IV,Male,43
508,Gertrude Fisher,Male,60
509,Violet Sauer,Male,78
510,Georgia Rohan,Male,22
511,Sandy Haley,Male,58
512,Ramona Smith,Male,43
513,Brittany Trantow,Female,56
514,Laverne Strosin Jr.,Male,66
515,Gilberto Herzog,Male,49
516,Michael Koepp,Male,30
517,Camille Schmitt,Female,19
518,Bill West,Male,20
519,Dr. Barry Bins,Male,23
520,Roberto Abshire IV,Female,31
521,Brenda Gleichner,Male,60
522,Raquel Emmerich,Male,55
523,Eileen Thiel,Female,70
524,Ramona Zemlak,Male,73
525,Frankie Toy,Female,21
526,Rosalie Beahan,Female,58
527,Miss Don Schinner,Female,76
528,Megan Bayer,Male,64
529,Johnnie Toy,Female,63
530,Mr. Elisa Becker,Male,65
531,Miss Johanna Hane,Male,56
532,Calvin Fritsch,Female,72
533,Lorenzo Terry,Female,44
534,Ms. Helen Kerluke,Female,54
535,Linda Yundt IV,Female,75
536,Leigh Mills,Male,48
537,Jenny Grady,Male,69
538,Patrick Huels MD,Female,46
539,Maxine Skiles,Male,68
540,Luther Hammes,Male,19
541,Kerry Reilly,Male,25
542,Brendan Schumm,Male,62
543,Jimmie Jerde,Female,72
544,Audrey Donnelly,Male,65
545,Freddie Nienow,Male,80
546,Carrie Klein,Female,33
547,Stewart Wilkinson,Female,65
548,Jesus Jaskolski II,Male,76
549,Mr. Clark Smith,Female,38
550,Kay Stanton,Female,58
551,Ms. William Gottlieb,Male,37
552,Joey Deckow,Female,23
553,Johnny Satterfield,Male,75
554,Mrs. Josephine Hammes,Male,50
555,Mrs. Francis Corkery,Female,40
556,Levi Howell,Male,49
557,Preston Ward,Male,40
558,Whitney Jast Sr.,Male,30
559,Betty Stracke,Male,79
560,Blanca Spinka I,Female,35
561,Mr. Amelia Muller,Female,47
562,Darrin Baumbach,Male,61
563,Lowell Stoltenberg,Female,37
564,Preston Mitchell,Female,52
565,Sophia Dach,Female,45
566,Sharon Beier,Male,30
567,Dwight Dickens,Male,77
568,Trevor Hoppe,Male,63
569,Felix Nitzsche,Female,65
570,Rosalie Hirthe PhD,Male,26
571,Patrick Rau,Female,28
572,Gretchen Becker,Male,65
573,Lola Kuphal,Female,66
574,Dr. Marlene Hilll,Male,59
575,Ryan Kautzer,Female,80
576,Mrs. Sonja Heathcote,Male,38
577,Guadalupe Welch,Male,72
578,Rickey Cremin,Female,43
579,Gustavo Turcotte,Male,76
580,Nathaniel Aufderhar IV,Male,70
581,Bernadette Heidenreich,Male,30
582,Ervin Schoen,Male,61
583,Wilson Swaniawski,Male,30
584,Frankie Stamm,Male,79
585,Angie Cassin,Male,45
586,Kerry Glover,Male,58
587,Erma Shanahan,Male,33
588,Sean Purdy,Female,60
589,Terrance Purdy,Male,43
590,Darla Buckridge,Male,65
591,Taylor Wiegand,Female,60
592,Bethany McDermott,Male,21
593,Terrell Wehner,Male,71
594,Estelle Hoppe,Male,69
595,Mrs. Katherine Padberg,Male,53
596,Harvey Bogisich,Male,41
597,Jared Ortiz,Male,43
598,Elaine Cremin,Male,23
599,Dean Rogahn,Female,72
600,Ollie Wiegand,Male,24
601,Colin Hirthe MD,Male,30
602,Dianne Bernier,Female,38
603,Lois Jenkins IV,Female,46
604,Tammy Ferry,Male,35
605,Reginald Bahringer,Female,45
606,Shelly Kertzmann III,Male,34
607,Glenn Braun,Male,31
608,Perry Bradtke,Female,19
609,Francis Gusikowski,Female,28
610,Carmen Hettinger,Male,41
611,Clint Kilback,Female,47
612,Joe Waters DVM,Male,56
613,Homer Medhurst,Male,52
614,Agnes Rodriguez,Female,19
615,Angelica Watsica,Male,28
616,Irvin Streich,Female,38
617,Veronica Gislason,Male,72
618,Natalie Cormier,Female,51
619,Rosie Hammes,Female,23
620,Vanessa Gibson,Female,57
621,Clifton Maggio,Male,65
622,Bryant Lockman,Male,55
623,Anne Mertz,Female,75
624,Megan Osinski,Male,43
625,Norman Nolan,Male,46
626,Danielle Quitzon,Male,51
627,Stephanie Roberts,Female,40
628,Kristin Little,Male,74
629,Teri Wolff,Female,80
630,Lyle Wintheiser,Male,21
631,Faye Abernathy,Female,67
632,Ann Hauck Jr.,Female,80
633,Hector Stamm,Female,70
634,Mrs. Kristi Gerlach,Female,41
635,Patti Hackett,Male,80
636,Edwin Barton,Male,23
637,Roger Kertzmann,Female,29
638,Lynette Ernser,Female,67
639,Mr. Willis Lebsack,Female,56
640,Jonathan Boehm,Male,30
641,Meredith Kovacek,Male,65
642,Raymond Bechtelar DVM,Male,40
643,Ms. Roy Brekke,Female,54
644,Karen Schaden,Male,72
645,Pat Douglas,Female,67
646,Kellie Barrows,Female,31
647,Miss Jesse Pfannerstill,Male,41
648,Lorena Ledner,Female,50
649,Carmen Kovacek,Female,28
650,Mr. Agnes DuBuque,Male,80
651,Rudy Glover,Male,50
652,Nicole Conn,Male,73
653,Kurt Nikolaus,Female,41
654,Dan Terry,Female,25
655,Lynn Bruen,Male,33
656,Opal Swaniawski,Female,45
657,Preston O'Hara,Male,27
658,Leslie Schmitt,Female,64
659,Mandy Windler,Female,38
660,Mrs. Iris Lind,Female,47
661,Kelly Labadie,Male,30
662,Miss Kristina Botsford,Female,31
663,Anne Zboncak,Female,24
664,Thomas Osinski,Female,35
665,Joanne Barton,Male,25
666,Allen Zieme,Female,31
667,Laura Prosacco,Female,51
668,Peggy Will,Male,48
669,Cassandra Pollich,Male,72
670,Gary Stroman,Female,33
671,Josefina Thiel,Male,48
672,Shelia Jakubowski PhD,Female,24
673,Angela Purdy,Female,63
674,Roderick Leuschke Sr.,Female,37
675,Mrs. Gloria Beier,Male,47
676,Justin Feest V,Female,62
677,Juanita Jakubowski MD,Female,44
678,Andy Kuphal,Female,62
679,Johnnie Jast,Female,52
680,Elsie Adams,Male,63
681,Mary Boehm,Male,40
682,Pauline Cremin IV,Female,35
683,Laura Maggio,Female,46
684,Miss Eunice Fisher,Male,22
685,Jacob Jerde,Male,71
686,Cory Little,Female,78
687,Thelma VonRueden,Female,58
688,Neal Spinka,Male,55
689,Lynne Kuvalis,Male,35
690,Stephanie Hintz,Female,54
691,Alfonso Spinka,Male,55
692,Lyle Davis,Female,78
693,June Murphy PhD,Male,23
694,Stacey Christiansen,Female,55
695,Jenny Roberts,Male,31
696,Mr. Randall Wolf,Male,78
697,Peggy Huel,Male,39
698,Mr. Maureen Kautzer,Male,44
699,Hubert Wehner,Male,37
700,Noel Keeling,Female,74
701,Lester Ruecker,Female,57
702,Ms. Brent Quitzon,Female,25
703,Kelli Luettgen,Male,49
704,Antoinette Larson,Male,21
705,Erin Gottlieb,Female,67
706,Mr. Wade Green,Female,18
707,Perry Hettinger MD,Male,76
708,Jo Maggio,Female,21
709,Bob Weber,Male,32
710,Jorge Rice,Male,68
711,Ramona Howell,Male,66
712,Stuart Corkery V,Male,29
713,Juan Willms,Female,37
714,Mr. Julian Buckridge,Male,22
715,Gretchen Lehner,Male,29
716,James Hoppe,Female,64
717,Philip Huel,Male,71
718,Rickey Skiles MD,Female,45
719,Kent Auer,Male,55
720,Alfred Kautzer,Female,27
721,Randall Hettinger,Female,60
722,Raquel Rosenbaum,Female,62
723,Alma Homenick,Female,39
724,Nettie Corwin,Male,79
725,Angela Hagenes,Female,48
726,Hazel Hirthe Sr.,Male,30
727,Mrs. Felix Bechtelar,Male,74
728,Bernice Hilpert,Female,21
729,Erin Kihn,Female,58
730,Al Gaylord,Female,41
731,Levi Reilly,Male,35
732,Meghan Feeney,Female,21
733,Ross Crooks,Female,75
734,Dr. Tracy Homenick,Male,52
735,Ms. Karen Olson,Female,33
736,Mrs. Lila Kemmer,Female,65
737,Devin Rowe,Female,49
738,Meredith Bechtelar,Female,58
739,Ramon Heidenreich,Male,41
740,Myrtle Ward,Male,39
741,Amelia Prohaska,Female,41
742,Rick Towne,Female,25
743,Mrs. Estelle Zemlak,Female,80
744,Wanda Lindgren,Female,24
745,Mamie Bergstrom,Female,79
746,Dwight Wolf,Male,38
747,Rosalie Stamm,Female,19
748,Stacy Maggio,Male,76
749,Megan Boyle,Female,62
750,Vicky Lang,Male,26
751,Kurt Flatley,Male,62
752,Miss Tara Walter,Female,24
753,Miss Sammy Smith,Male,44
754,Sophie Senger,Female,37
755,Freda Schneider,Male,25
756,Christopher Anderson,Female,30
757,Benny Waelchi,Female,44
758,Genevieve Powlowski,Male,70
759,Jose Murray,Male,29
760,Rodney Purdy,Male,43
761,Billy Corkery I,Female,26
762,Ana Davis,Male,43
763,Eileen Nitzsche,Male,25
764,Sam Wiza,Female,50
765,Mr. Meghan Luettgen,Female,58
766,Tammy Terry,Female,49
767,Thomas Kemmer,Female,27
768,Carol Gibson,Female,57
769,June Beatty,Female,60
770,Jesse Rowe,Male,33
771,Rick Swift,Female,58
772,Claude Davis,Male,52
773,Stacey Cormier,Female,32
774,Freda Rolfson,Female,53
775,Christy Effertz,Male,64
776,Dr. Brendan Larkin,Female,59
777,Ismael Aufderhar,Female,72
778,Mark Mills,Male,60
779,Emanuel Graham DDS,Female,37
780,Rafael Trantow DVM,Male,24
781,Adrian Kohler IV,Female,27
782,Maurice Weimann,Male,73
783,Earl Nitzsche,Female,54
784,Marsha Williamson,Female,30
785,Andres MacGyver,Male,29
786,Felix Thompson,Female,39
787,Norman Sipes,Female,55
788,Mr. Lamar Klein,Female,28
789,Sally Harris,Male,19
790,Victor Keebler,Female,34
791,Nick Okuneva,Male,76
792,Blanche Erdman,Female,79
793,Miss Emma Pfannerstill,Male,44
794,Irma Bode,Female,72
795,Kerry Koss,Female,78
796,Gregory Reinger,Female,64
797,Fred Jast,Female,42
798,Christian Sanford,Female,57
799,Leticia Cole,Male,28
800,Kristopher Grant,Male,65
801,Rachel Larkin,Female,53
802,Doug Nikolaus,Female,37
803,Rita Waters,Male,49
804,Yvette Stanton,Male,52
805,Herman Dach,Female,30
806,Amos Flatley,Male,33
807,Frank Little,Female,73
808,Ms. Willis Yost,Female,35
809,Shelly Hagenes,Female,42
810,Kathryn Kuhic V,Female,35
811,Julian Glover,Female,34
812,Clint Ward,Male,33
813,Ms. Marianne Mayer,Male,37
814,Ms. Henrietta Kuhlman,Male,34
815,Michael Deckow,Male,69
816,Ashley Kohler,Male,34
817,Meghan Swaniawski,Female,49
818,Henry Schimmel,Male,59
819,Delores Pouros,Male,30
820,Claire Spinka,Male,78
821,Mr. Doreen McLaughlin,Female,36
822,Salvatore McLaughlin,Male,48
823,Duane Hyatt,Male,63
824,Alma Volkman,Female,70
825,Jermaine Ryan,Male,76
826,Dr. Crystal Reynolds,Female,68
827,Jamie Macejkovic I,Female,71
828,Betsy Hills,Female,31
829,Dolores Schmitt,Male,29
830,Leland Bayer,Female,79
831,Sherman Schuster Sr.,Male,40
832,Amanda D'Amore,Female,40
833,Fred Orn,Female,23
834,Mrs. Muriel Leffler,Male,69
835,Mabel Gaylord,Male,72
836,Matthew Purdy,Female,22
837,Andres Howell,Male,69
838,Martin Littel,Male,39
839,Thomas Bednar,Female,36
840,Stewart Cormier,Male,72
841,Guy Reichel,Male,69
842,Rogelio Schuppe,Male,24
843,Beverly Heathcote,Male,42
844,Sandra Marvin,Male,59
845,Ross Senger,Female,28
846,Virginia Zboncak,Male,44
847,Crystal Bosco,Female,75
848,Priscilla Hane,Female,78
849,Neil Cremin,Male,74
850,Helen Goldner,Male,35
851,Roosevelt Farrell,Female,26
852,Albert Ward,Male,55
853,Pamela Schowalter IV,Male,46
854,Delores Zieme,Female,79
855,Myrtle Feil,Male,43
856,Sophia Heidenreich,Female,65
857,Lee Hilll,Female,71
858,Felix Macejkovic,Female,60
859,Mrs. Seth Botsford,Male,35
860,Lawrence O'Connell,Male,78
861,Olivia Herzog,Female,25
862,Blanche Bechtelar,Female,57
863,Bessie Hickle IV,Female,21
864,Marion Goldner,Female,37
865,Brenda Smith V,Female,63
866,Matt Casper,Male,75
867,Crystal Schmeler,Female,73
868,Kathleen Wyman,Male,75
869,Allen Glover,Male,78
870,Bobbie Cormier MD,Male,60
871,Garry Dickens I,Female,75
872,Amos Morar,Female,67
873,Carolyn Beatty,Female,20
874,Alicia Nitzsche,Male,35
875,Sadie Maggio III,Female,48
876,Diane Corkery,Male,31
877,Juana VonRueden,Male,47
878,Blanca Lowe,Female,58
879,Cedric Thompson,Female,66
880,Garrett Mosciski,Female,35
881,Muriel Steuber,Female,66
882,Miss Carol Schneider,Male,36
883,Dominick Boehm,Male,48
884,Alberto Heidenreich,Male,65
885,Dana Schultz,Male,73
886,Bryan Christiansen,Male,53
887,Paul Raynor,Male,23
888,Carmen Bradtke,Male,34
889,Mr. Sue Bartoletti,Female,55
890,Beulah Schmidt II,Female,58
891,Susie Dooley,Female,47
892,Charlene Greenfelder,Female,43
893,Mrs. Julius Lowe,Female,71
894,Brian Boyer,Male,45
895,Laurence Grant,Female,75
896,Carrie Dietrich,Female,69
897,Cathy Block,Female,34
898,Irene Turner,Female,79
899,Valerie Davis V,Male,29
900,Shawn Boyle,Female,68
901,Marcella Funk,Male,37
902,Dr. Clifford Murray,Male,46
903,Kristen Kreiger,Male,42
904,Wayne Robel,Male,80
905,Jenna Rosenbaum,Male,21
906,Stephen Anderson,Male,52
907,Maggie McCullough,Female,56
908,Dr. Ana Zulauf,Female,57
909,Ms. Lila Donnelly,Female,64
910,Darla Herzog,Male,74
911,Tara Schmeler,Female,56
912,Lucia Cruickshank,Female,43
913,Hannah Casper,Male,45
914,Francis Hayes,Male,41
915,Marcus Wolf Jr.,Male,58
916,Sonja Mertz,Female,80
917,Felipe Flatley,Male,51
918,Dr. Mary Hirthe,Female,38
919,Madeline Hackett I,Female,66
920,Rosalie Gusikowski,Male,27
921,Corey Kozey MD,Female,66
922,Kathy Becker,Male,32
923,Evelyn Hintz,Female,54
924,Dr. Lillie Schimmel,Female,53
925,Rolando Swaniawski,Female,37
926,Dr. Jerome Cremin,Male,31
927,Gladys Littel,Female,68
928,Levi Hagenes,Male,80
929,Rufus Rohan,Female,43
930,Jackie Prosacco,Female,48
931,Benjamin Gusikowski,Male,54
932,Wendell Douglas,Male,22
933,Eduardo Wiegand,Male,23
934,Jaime Walsh,Male,35
935,Dr. Bernice Shanahan,Male,43
936,Vivian Casper,Female,71
937,Seth Nader,Male,52
938,Alfred Gusikowski,Female,28
939,Arturo Lehner,Male,25
940,Mercedes Hoppe,Male,35
941,Genevieve Gutkowski,Female,25
942,Guillermo Murray,Male,25
943,Gordon Koepp,Female,18
944,Molly Schimmel,Male,44
945,Daisy McKenzie II,Female,76
946,Geneva Schuster,Female,19
947,Vanessa Swift,Female,67
948,Irma Kuhlman,Male,37
949,Mr. Monique Hauck,Female,57
950,Mrs. Armando Boyle,Female,69
951,Herbert Barrows,Male,33
952,Luther Sauer,Male,45
953,Leon Lebsack,Male,64
954,Julia Bernier,Male,48
955,Ronald Hirthe,Male,59
956,Wilson Sawayn,Female,44
957,Guadalupe Pfannerstill,Male,21
958,Annette Douglas,Male,54
959,Moses Roberts,Male,22
960,Kelley Lockman DVM,Female,37
961,Dominick Dickens IV,Male,57
962,Orville Schroeder DVM,Female,64
963,Cody Runte,Female,78
964,Benny Klocko,Female,31
965,Dr. Phil Littel,Male,31
966,Leon Rowe,Male,80
967,Toni Ritchie III,Male,67
968,Erik Weber,Female,39
969,Carlos Kassulke,Male,24
970,Rogelio Walker,Male,71
971,Vicky Crist,Male,19
972,Kelley Crist,Male,29
973,Jan Gaylord,Female,59
974,Van Stoltenberg,Male,77
975,Pedro Krajcik,Female,51
976,Myron Gaylord,Male,72
977,Dr. Nettie Daniel,Female,33
978,Lorenzo Collier,Male,75
979,Miss Terry Breitenberg,Male,67
980,Harriet Ebert,Male,64
981,Marilyn Bergstrom Sr.,Male,18
982,Virgil Purdy MD,Male,50
983,Marsha Cassin,Male,41
984,Orlando Runolfsdottir,Female,42
985,Sheldon Durgan,Female,40
986,Helen Witting DDS,Male,56
987,Miss Cornelius Botsford,Female,54
988,Ms. Darla Moen,Male,74
989,Darrin Jaskolski,Female,36
990,Mary Lueilwitz,Female,64
991,Louise Hahn,Male,36
992,Eva Muller,Female,18
993,Clayton Larson,Female,18
994,Caleb Hilpert,Female,36
995,Stacey Kunze Sr.,Male,29
996,Franklin Welch,Female,71
997,Mr. Carroll Ruecker,Male,55
998,Steve Baumbach,Male,57
999,Danielle Stanton,Female,26
1000,Celia Homenick,Female,49
